,model_id,auc,logloss,mean_per_class_error,rmse,mse
0,GBM_grid_0_AutoML_20181010_200955_model_25,0.9221783047870004,0.3830485571066475,0.14084321475625824,0.34233094163287026,0.1171904735992476
2,GLM_grid_0_AutoML_20181010_200955_model_0,0.9170838823012736,0.37054439675779743,0.13873517786561265,0.3360371792842073,0.1129209858612865
4,DeepLearning_grid_0_AutoML_20181010_200955_model_0,0.9145366710584102,0.5098868340603004,0.15753184014053578,0.3627669549797559,0.13159986362528425
12,StackedEnsemble_BestOfFamily_0_AutoML_20181010_200955,0.9015371102327624,0.38300721349706607,0.1336846728151076,0.3398081370124164,0.11546956997984915
23,DRF_0_AutoML_20181010_200955,0.8934123847167326,0.40176765402204656,0.16930171277997366,0.3624379900197004,0.13136129660952045
37,XRT_0_AutoML_20181010_200955,0.8691260430390865,0.4431536488336795,0.19090909090909086,0.3817470454892095,0.14573080673974054
