{
    "algo": "glm",
    "model_id": "GLM_grid_0_AutoML_20181010_191557_model_0",
    "coef": {
        "Intercept": 10.369905411167503,
        "Medu.0": 0.0013460766543456017,
        "Medu.1": -0.0841473135792404,
        "Medu.2": -0.13009444108449505,
        "Medu.3": 0.07773238751152102,
        "Medu.4": 0.1351631784080979,
        "Fedu.0": 0.06802941334184887,
        "Fedu.1": -0.09209920269973479,
        "Fedu.2": -0.07379642900003541,
        "Fedu.3": -0.03188378963540473,
        "Fedu.4": 0.12975098093985019,
        "Mjob.at_home": -0.08951265377774663,
        "Mjob.health": 0.18041464437706994,
        "Mjob.other": -0.14217322566300908,
        "Mjob.services": -0.014084955411380934,
        "Mjob.teacher": 0.06535571060978941,
        "Fjob.at_home": 0.05405465234014558,
        "Fjob.health": -0.09183883440572214,
        "Fjob.other": 0.1026596554234835,
        "Fjob.services": -0.13571482546952773,
        "Fjob.teacher": 0.0708407909112478,
        "famrel.1": -0.15717711556236888,
        "famrel.2": -0.06215487120977752,
        "famrel.3": -0.06954901243016763,
        "famrel.4": 0.2900889540755964,
        "famrel.5": -0.0012062922381910668,
        "freetime.1": 0.0385521549848729,
        "freetime.2": 0.18592548888877652,
        "freetime.3": -0.24209774453150498,
        "freetime.4": 0.09665379061721183,
        "freetime.5": -0.0790317858001393,
        "goout.1": -0.33767176281561095,
        "goout.2": 0.36097962573184716,
        "goout.3": 0.027687750555044358,
        "goout.4": 0.062133582065032944,
        "goout.5": -0.11312636182185422,
        "Dalc.1": 0.40847189601427775,
        "Dalc.2": -0.07095083390576157,
        "Dalc.3": 0.035641288169541,
        "Dalc.4": -0.3041087481664868,
        "Dalc.5": -0.06904632671324425,
        "Walc.1": 0.18455730390848227,
        "Walc.2": -0.00607679726581477,
        "Walc.3": 0.09347342987503121,
        "Walc.4": -0.2939641216077958,
        "Walc.5": 0.022016749967250865,
        "health.1": 0.29789594236595773,
        "health.2": 0.036506441504391154,
        "health.3": -0.05014045543995209,
        "health.4": -0.07021259781332248,
        "health.5": -0.21404265529069538,
        "reason.course": -0.041469737358801134,
        "reason.home": 0.07240634397554271,
        "reason.other": -0.22075029959470244,
        "reason.reputation": 0.1898234687303472,
        "traveltime.1": 0.06669750861471117,
        "traveltime.2": -0.08591098617262694,
        "traveltime.3": 0.10777609580220572,
        "traveltime.4": -0.08854825176222159,
        "studytime.1": -0.23990912782063437,
        "studytime.2": -0.08587115477360391,
        "studytime.3": 0.26849104599408946,
        "studytime.4": 0.05730579014931534,
        "guardian.father": 0.039755531132351495,
        "guardian.mother": -0.08132139580075824,
        "guardian.other": 0.04158437139784984,
        "famsup.no": -0.07814928585684382,
        "famsup.yes": 0.07817001546535637,
        "paid.no": 0.09124059347246735,
        "paid.yes": -0.09121225799138806,
        "activities.no": -0.22244374763314717,
        "activities.yes": 0.22247476760254548,
        "nursery.no": 0.019393246123469623,
        "nursery.yes": -0.019360772121682576,
        "higher.no": -0.4965883528710736,
        "higher.yes": 0.49662020478409996,
        "internet.no": -0.16744788577912725,
        "internet.yes": 0.16748029128326414,
        "romantic.no": 0.17770734885094416,
        "romantic.yes": -0.17767967035996043,
        "famsize.GT3": -0.10739161380545538,
        "famsize.LE3": 0.10740740672069622,
        "Pstatus.A": 0.004560263970217967,
        "Pstatus.T": -0.004580945037448258,
        "school.GP": 0.5196298691165403,
        "school.MS": -0.51970255565853,
        "sex.F": 0.2834657414181345,
        "sex.M": -0.2836210545228943,
        "address.R": -0.24510730034354353,
        "address.U": 0.24482257746526506,
        "schoolsup.no": 0.2735458248677592,
        "schoolsup.yes": -0.27407701828943054,
        "age": 0.03614521222774585,
        "failures": -1.5127909103740371,
        "absences": -0.027988495928723916
    },
    "coef_norm": {
        "Intercept": 10.549526458137759,
        "Medu.0": 0.0013460766543456017,
        "Medu.1": -0.0841473135792404,
        "Medu.2": -0.13009444108449505,
        "Medu.3": 0.07773238751152102,
        "Medu.4": 0.1351631784080979,
        "Fedu.0": 0.06802941334184887,
        "Fedu.1": -0.09209920269973479,
        "Fedu.2": -0.07379642900003541,
        "Fedu.3": -0.03188378963540473,
        "Fedu.4": 0.12975098093985019,
        "Mjob.at_home": -0.08951265377774663,
        "Mjob.health": 0.18041464437706994,
        "Mjob.other": -0.14217322566300908,
        "Mjob.services": -0.014084955411380934,
        "Mjob.teacher": 0.06535571060978941,
        "Fjob.at_home": 0.05405465234014558,
        "Fjob.health": -0.09183883440572214,
        "Fjob.other": 0.1026596554234835,
        "Fjob.services": -0.13571482546952773,
        "Fjob.teacher": 0.0708407909112478,
        "famrel.1": -0.15717711556236888,
        "famrel.2": -0.06215487120977752,
        "famrel.3": -0.06954901243016763,
        "famrel.4": 0.2900889540755964,
        "famrel.5": -0.0012062922381910668,
        "freetime.1": 0.0385521549848729,
        "freetime.2": 0.18592548888877652,
        "freetime.3": -0.24209774453150498,
        "freetime.4": 0.09665379061721183,
        "freetime.5": -0.0790317858001393,
        "goout.1": -0.33767176281561095,
        "goout.2": 0.36097962573184716,
        "goout.3": 0.027687750555044358,
        "goout.4": 0.062133582065032944,
        "goout.5": -0.11312636182185422,
        "Dalc.1": 0.40847189601427775,
        "Dalc.2": -0.07095083390576157,
        "Dalc.3": 0.035641288169541,
        "Dalc.4": -0.3041087481664868,
        "Dalc.5": -0.06904632671324425,
        "Walc.1": 0.18455730390848227,
        "Walc.2": -0.00607679726581477,
        "Walc.3": 0.09347342987503121,
        "Walc.4": -0.2939641216077958,
        "Walc.5": 0.022016749967250865,
        "health.1": 0.29789594236595773,
        "health.2": 0.036506441504391154,
        "health.3": -0.05014045543995209,
        "health.4": -0.07021259781332248,
        "health.5": -0.21404265529069538,
        "reason.course": -0.041469737358801134,
        "reason.home": 0.07240634397554271,
        "reason.other": -0.22075029959470244,
        "reason.reputation": 0.1898234687303472,
        "traveltime.1": 0.06669750861471117,
        "traveltime.2": -0.08591098617262694,
        "traveltime.3": 0.10777609580220572,
        "traveltime.4": -0.08854825176222159,
        "studytime.1": -0.23990912782063437,
        "studytime.2": -0.08587115477360391,
        "studytime.3": 0.26849104599408946,
        "studytime.4": 0.05730579014931534,
        "guardian.father": 0.039755531132351495,
        "guardian.mother": -0.08132139580075824,
        "guardian.other": 0.04158437139784984,
        "famsup.no": -0.07814928585684382,
        "famsup.yes": 0.07817001546535637,
        "paid.no": 0.09124059347246735,
        "paid.yes": -0.09121225799138806,
        "activities.no": -0.22244374763314717,
        "activities.yes": 0.22247476760254548,
        "nursery.no": 0.019393246123469623,
        "nursery.yes": -0.019360772121682576,
        "higher.no": -0.4965883528710736,
        "higher.yes": 0.49662020478409996,
        "internet.no": -0.16744788577912725,
        "internet.yes": 0.16748029128326414,
        "romantic.no": 0.17770734885094416,
        "romantic.yes": -0.17767967035996043,
        "famsize.GT3": -0.10739161380545538,
        "famsize.LE3": 0.10740740672069622,
        "Pstatus.A": 0.004560263970217967,
        "Pstatus.T": -0.004580945037448258,
        "school.GP": 0.5196298691165403,
        "school.MS": -0.51970255565853,
        "sex.F": 0.2834657414181345,
        "sex.M": -0.2836210545228943,
        "address.R": -0.24510730034354353,